Ayabonga,Gxasheka,0407272773
Thabo,Tibatshi,0839019205
Rachael,Watkins,0334012432
David,Mogake,0389683670
Siku,Moepeng,0635956461
Pule,Ndlodaka,0224163211
Mcebisi,Filmer,0306409916
Asanele,Kanosvamira,0159969965
Farai,Nesi,0281871964
Kgalalelo,Ellenberger,0774813686
Nathan,Williams,0671122312
Etienne,Mude,0880109538
Sihle,Macha,0410876393
Patrick,Mathebula,0891679536
Zenande,Skhosana,0714943067
Siyabonga,Shumba,0531950065
Thekiso,Ranyaoa,0781895666
Thabiso,Phakathi,0866818378
Sandla,Sigudla,0167284454
Thelma,Gouws,0192084467
Basetsana,Tshiunza,0570103152
Corbyn,Muswere,0504254060
Munashe,Bailey,0839437926
Siphesihle,Jumbe,0404255386
Francisca,Sonne,0818648603
Ahmed,Zaza,0721137260
Ana,Allan,0911547619
Mikyle,Tshavhungwe,0307396048
Sihle,Connock,0361154759
Onke,Head,0844796794
Kudzaishe,Mnqonywa,0967824812
Brandon,Mona,0226305088
Bongo,Lama,0963800487
Sara,Boby,0608235534
Nathan,Mabotja,0687270083
Jarryd,Stanbury,0589472432
Sandile,Gxasheka,0125360378
Mncedisi,Head,0199457785
Windy,Rajabu,0194532060
Mia,Connelly,0111718348
Bongo,Cumming,0103746351
Georgina,Xhokashe,0738470978
Ncebakazi,Sonne,0863521008
Lunga,Maswanganyi,0768076583
Thomas,Gxasheka,0408397509
Vuyani,Msayi,0739887618
Mthobisi,Mhlongo,0645008188
Thato,Ntuli,0989747528
Vutomi,Dyubulu,0409290184
Thelma,Muswere,0168759494
Bradley,Makoni,0558680266
Tsholofelo,Banza,0732966846
Tino,Connock,0165391403
Rachael,Connock,0512608801
Thomas,Mnqonywa,0849981568
Emmanuel,Tutwane,0507279143
Sive,Mostert,0468054167
Thabiso,Ginindza,0673577818
Thekiso,Xhokashe,0662564954
Siphesande,Ranyaoa,0500976522
Juno,Kondic,0828153987
Siyanda,Sigasa,0231200488
Akho,Chiman,0618285711
Olwethu,James,0208355463
Siphesihle,Mthethwa,0109692118
Sasha-Lee,Mshwane,0438506464
Alden,Sithole,0128410641
Vuyani,Sikhakhane,0345965861
Etienne,Malikhetla,0727141099
Khabele,Mona,0392000417
Siyanda,Maroga,0382078455
Tagen,Peter,0243170064
Owen,Watkins,0178984884
Frangeline,Macha,0459516064
Mveli,Van Heerden,0471035375
Savannah,Peter,0406099396
Josh,Quvile,0585705649
Kgalalelo,Ware,0459026565
Onke,Kobue,0713283036
Vishma,Tu,0383490393
Kwakhanya,Matunhike,0536895971
Pule,Macha,0856200276
Nolubabalo,Ngcakani,0432514844
Newton,Jako,0207902019
Derel,Ngcakani,0529225212
Mduduzi,Mlahleki,0388822020
Antoine,Guptar,0735079095
Letsika,Kanosvamira,0246460405
Gift,Tshabalala,0694665418
Liam,Gxako,0532158356
Hilton,Mollah,0801696466
Siyabonga,Mshwane,0571546462
Brandon,Ellenberger,0776681889
Sihle,Baza,0490925973
Marc,Pearse,0677272057
Kudzai,Sithole,0853736491
Olona,Shivuri,0511020357
Bulumko,Maswanganyi,0340730508
Ncebakazi,Cattaneo,0898880893
Mia,Sithole,0686825894
siya,jones,08428393
