Ahmed,Zaza,0721137260
Akho,Chiman,0618285711
Alden,Sithole,0128410641
Ana,Allan,0911547619
Antoine,Guptar,0735079095
Asanele,Kanosvamira,0159969965
Ayabonga,Gxasheka,0407272773
Basetsana,Tshiunza,0570103152
Bongo,Cumming,0103746351
Bongo,Lama,0963800487
Bradley,Makoni,0558680266
Brandon,Ellenberger,0776681889
Brandon,Mona,0226305088
Bulumko,Maswanganyi,0340730508
Corbyn,Muswere,0504254060
David,Mogake,0389683670
Derel,Ngcakani,0529225212
Emmanuel,Tutwane,0507279143
Etienne,Malikhetla,0727141099
Etienne,Mude,0880109538
Farai,Nesi,0281871964
Francisca,Sonne,0818648603
Frangeline,Macha,0459516064
Georgina,Xhokashe,0738470978
Gift,Tshabalala,0694665418
Hilton,Mollah,0801696466
Jarryd,Stanbury,0589472432
Josh,Quvile,0585705649
Juno,Kondic,0828153987
Kgalalelo,Ellenberger,0774813686
Kgalalelo,Ware,0459026565
Khabele,Mona,0392000417
Kudzai,Sithole,0853736491
Kudzaishe,Mnqonywa,0967824812
Kwakhanya,Matunhike,0536895971
Letsika,Kanosvamira,0246460405
Liam,Gxako,0532158356
Lunga,Maswanganyi,0768076583
Marc,Pearse,0677272057
Mcebisi,Filmer,0306409916
Mduduzi,Mlahleki,0388822020
Mia,Connelly,0111718348
Mia,Sithole,0686825894
Mikyle,Tshavhungwe,0307396048
Mncedisi,Head,0199457785
Mthobisi,Mhlongo,0645008188
Munashe,Bailey,0839437926
Mveli,Van Heerden,0471035375
Nathan,Mabotja,0687270083
Nathan,Williams,0671122312
Ncebakazi,Cattaneo,0898880893
Ncebakazi,Sonne,0863521008
Newton,Jako,0207902019
Nolubabalo,Ngcakani,0432514844
Olona,Shivuri,0511020357
Olwethu,James,0208355463
Onke,Head,0844796794
Onke,Kobue,0713283036
Owen,Watkins,0178984884
Patrick,Mathebula,0891679536
Pule,Macha,0856200276
Pule,Ndlodaka,0224163211
Rachael,Connock,0512608801
Rachael,Watkins,0334012432
Sandile,Gxasheka,0125360378
Sandla,Sigudla,0167284454
Sara,Boby,0608235534
Sasha-Lee,Mshwane,0438506464
Savannah,Peter,0406099396
Sihle,Baza,0490925973
Sihle,Connock,0361154759
Sihle,Macha,0410876393
Siku,Moepeng,0635956461
Siphesande,Ranyaoa,0500976522
Siphesihle,Jumbe,0404255386
Siphesihle,Mthethwa,0109692118
Sive,Mostert,0468054167
Siyabonga,Mshwane,0571546462
Siyabonga,Shumba,0531950065
Siyanda,Maroga,0382078455
Siyanda,Sigasa,0231200488
Tagen,Peter,0243170064
Thabiso,Ginindza,0673577818
Thabiso,Phakathi,0866818378
Thabo,Tibatshi,0839019205
Thato,Ntuli,0989747528
Thekiso,Ranyaoa,0781895666
Thekiso,Xhokashe,0662564954
Thelma,Gouws,0192084467
Thelma,Muswere,0168759494
Thomas,Gxasheka,0408397509
Thomas,Mnqonywa,0849981568
Tino,Connock,0165391403
Tsholofelo,Banza,0732966846
Vishma,Tu,0383490393
Vutomi,Dyubulu,0409290184
Vuyani,Msayi,0739887618
Vuyani,Sikhakhane,0345965861
Windy,Rajabu,0194532060
Zenande,Skhosana,0714943067